goal_id,goal,category,status,priority,shot,faction_class_race_requirements,existing_file
ashbringer,Corrupted Ashbringer,Epic Weapon,ASSIGNED,Done / optional upgrade,Corrupted Ashbringer sword close-up; optional Four Horsemen background,"Corrupted version, not purified Ashbringer; weapon-only avoids class/race bias",ashbringer-banner.blp
frostsaber,Winterspring Frostsaber,Mount,CANDIDATE: visual verification needed,Review uploaded image,Winterspring Frostsaber in snowy Winterspring,"Alliance theme; exact purple/pink mount, not a generic saber; Night Elf rider optional",Frostsaber_Matriarch_HS.jpg
atiesh,"Atiesh, Greatstaff of the Guardian",Legendary Weapon,ASSIGNED,Done / optional upgrade,"Atiesh staff, upright or diagonal, with Naxxramas atmosphere","Staff-only; if a wielder is shown, Druid/Mage/Priest/Warlock",atiesh-banner.blp
rhokdelar,"Rhok'delar, Longbow of the Ancient Keepers",Epic Weapon,ASSIGNED,Done / optional upgrade,"Rhok'delar bow in Felwood, clearly showing its distinctive limbs",Hunter only if a wielder is shown; either faction,rhokdelar-banner.blp
lokdelar,"Lok'delar, Stave of the Ancient Keepers",Epic Weapon,FIND,Find image,Lok'delar staff beside the Felwood ancient quest givers,Hunter only if a wielder is shown; do not substitute Rhok'delar bow,
thunderfury,"Thunderfury, Blessed Blade of the Windseeker",Legendary Weapon,ASSIGNED,Done / optional upgrade,"Thunderfury sword close-up, lightning silhouette on the right",Weapon-only preferred; either faction; verify any wielder's compatibility in the target client,thunderfury-banner.blp
tier3,Tier 3 Set Appearances,Item Set,ASSIGNED,Done / optional upgrade,Full Tier 3 armor lineup or a clearly identifiable class set in Naxxramas,Nine class sets; see exact-name matrix below; boss image already usable as a shared theme,tier3-banner.blp
benediction,Benediction / Anathema,Epic Weapon,ASSIGNED,Done / optional upgrade,"Benediction and Anathema staff pair, or existing Anathema alone",Priest only if a wielder is shown; both factions,benediction-banner.blp
epicmounts,Epic Racial Mounts,Mount Collection,CANDIDATE: visual verification needed,Review uploaded image,Lineup of classic epic racial mounts; separate Alliance/Horde variants ideal,Mount identities matter; rider need not be the mount's native race; see mount list below,orc-wolf-mount.jpg
sulfuras,"Sulfuras, Hand of Ragnaros",Legendary Weapon,ASSIGNED,Done / optional upgrade,"Sulfuras hammer close-up, embers or Molten Core behind it",Weapon-only preferred; both factions,sulfuras-banner.blp
allclasses,Level Classes to 60,Milestone,CANDIDATE: visual verification needed,Review uploaded image,Diverse group of level-60 adventurers representing the nine classes,All classes; balanced Alliance/Horde versions or a faction-neutral composition,pvp-alliance-horde-human-orc.jpg
rep_timbermaw,Exalted: Timbermaw Hold,Reputation,CANDIDATE: visual verification needed,Review uploaded image,Timbermaw furbolgs or Timbermaw Hold entrance,"Neutral reputation, both factions; actual furbolgs rather than player race",Furbolg_Spiritbinder_TCG.jpg
rep_thorium,Exalted: Thorium Brotherhood,Reputation,FIND,Find image,"Thorium Brotherhood forge, dark iron smiths, Lokhtos or Thorium Point","Neutral reputation; dwarf NPCs appropriate, no dwarf player requirement",
rep_argentdawn,Exalted: Argent Dawn,Reputation,FIND,Find image,"Argent Dawn banner and Light's Hope Chapel, with Argent NPCs",Neutral reputation; avoid Argent Crusade/Wrath replacements,
rep_cenarion,Exalted: Cenarion Circle,Reputation,CANDIDATE: visual verification needed,Review uploaded image,Cenarion Circle druids at Cenarion Hold in Silithus,Neutral reputation; not restricted to Druid players,Moonwell_full.jpg
rep_zandalar,Exalted: Zandalar Tribe,Reputation,FIND,Find image,"Zandalar Tribe on Yojamba Isle; trolls, shrines and jungle","Neutral reputation; troll NPCs appropriate, not Horde-only player content",
rep_hydraxian,Exalted: Hydraxian Waterlords,Reputation,CANDIDATE: visual verification needed,Review uploaded image,Duke Hydraxis or a water elemental on the Azshara coast,Neutral reputation; water rather than fire elemental,Water_Invocation_full.jpg
rep_nozdormu,Exalted: Brood of Nozdormu,Reputation,FIND,Find image,"Anachronos/bronze dragon at Caverns of Time, or AQ bronze-dragon atmosphere",Neutral reputation; avoid unrelated dragonflights,
rep_ambassador_ally,Ambassador: Alliance Capitals,Reputation,FIND,Find image,"Stormwind, Ironforge and Darnassus landmarks with Alliance heraldry",Alliance only; Human/Dwarf/Gnome/Night Elf city themes; not Horde scenery,
rep_ambassador_horde,Ambassador: Horde Capitals,Reputation,FIND,Find image,"Orgrimmar, Thunder Bluff and Undercity landmarks with Horde heraldry",Horde only; Orc/Tauren/Troll/Forsaken city themes; not Alliance scenery,
mount_deathcharger,Deathcharger's Reins,Mount,FIND,Find image,"Rivendare's Deathcharger, mounted or alone, in Stratholme","Exact skeletal horse reward; neutral goal, either-faction rider",
mount_raptor,Swift Razzashi Raptor,Mount,CANDIDATE: visual verification needed,Review uploaded image,Swift Razzashi Raptor in Zul'Gurub jungle,"Exact raid mount, not a generic raptor; both factions",Sunscale_Raptor_full.jpg
mount_tiger,Swift Zulian Tiger,Mount,FIND,Find image,Swift Zulian Tiger in Zul'Gurub jungle,Exact orange/black striped reward; both factions,
mount_qiraji,Black Qiraji Resonating Crystal,Mount,FIND,Find image,Black Qiraji battle tank/silithid mount at the Scarab Wall,Exact black mount; not a colored AQ-only crystal mount,
mount_dreadsteed,Dreadsteed (Warlock Epic Mount),Mount,ASSIGNED,Done / optional upgrade,"Warlock epic Dreadsteed with fire hooves, in ritual/warlock setting",Warlock only if rider shown; either faction; Classic model preferred,mount_dreadsteed-banner.blp
mount_charger,Charger (Paladin Epic Mount),Mount,ASSIGNED,Done / optional upgrade,"Paladin Charger in gold/holy armor, mounted or alone",Paladin only if rider shown; Classic Alliance look; Forever faction/class combinations must match client,mount_charger-banner.blp
quelserrar,Quel'Serrar,Epic Weapon,ASSIGNED,Done / optional upgrade,Quel'Serrar sword; existing approved Quel'Delar illustration can remain,Karl explicitly approved the substitute; actual Quel'Serrar reference would be an optional upgrade,quelserrar-banner.blp
raid_mc,Clear Molten Core,Raid,ASSIGNED,Done / optional upgrade,Ragnaros in Molten Core,"Raid encounter, both factions; already covered",raid_mc-banner.blp
raid_ony,Slay Onyxia,Raid,ASSIGNED,Done / optional upgrade,"Onyxia in her lair, wings/head on the right","Raid encounter, both factions; no faction-specific player needed",raid_ony-banner.blp
raid_bwl,Clear Blackwing Lair,Raid,ASSIGNED,Done / optional upgrade,"Nefarian in Blackwing Lair, throne room or dragon silhouette","Both factions; Blackwing Lair, not Blackrock Caverns/Blackwing Descent",raid_bwl-banner.blp
raid_zg,Clear Zul'Gurub,Raid,FIND,Find image,Hakkar or recognizable Zul'Gurub temple vista,"Both factions; original Zul'Gurub, not a later dungeon remake",
raid_aq20,Clear Ruins of Ahn'Qiraj,Raid,FIND,Find image,Ossirian or Ruins of Ahn'Qiraj exterior/arena,Both factions; differentiate Ruins/AQ20 from Temple/AQ40,
raid_aq40,Clear Temple of Ahn'Qiraj,Raid,FIND,Find image,C'Thun or Twin Emperors inside Temple of Ahn'Qiraj,Both factions; differentiate Temple/AQ40 from Ruins/AQ20,
raid_naxx,Clear Naxxramas,Raid,ASSIGNED,Done / optional upgrade,Kel'Thuzad in Naxxramas,Both factions; original level-60 raid atmosphere,raid_naxx-banner.blp
raid_hyjal,Clear Hyjal Summit,Raid,CANDIDATE: visual verification needed,Review uploaded image,Actual Forever Hyjal Summit vista or confirmed Forever boss scene,Forever-specific; do not use TBC Archimonde automatically,hyjal.jpg
raid_barrow,Clear the Barrow Deeps,Raid,FIND,Find image,Actual Forever Barrow Deeps interior or confirmed encounter,Forever-specific; not an arbitrary night-elf cave,
att_mc,Attunement: Molten Core,Attunement,ASSIGNED,Done / optional upgrade,Blackrock Depths core-fragment portal or Lothos Riftwaker,Both factions; existing Blackrock/Ragnaros scene is an acceptable shared theme,att_mc-banner.blp
att_ony_ally,Attunement: Onyxia's Lair (Alliance),Attunement,CANDIDATE: visual verification needed,Review uploaded image,Marshal Windsor escorted through Stormwind or Lady Katrana reveal,Alliance only; Human Stormwind setting; avoid Horde quest-chain NPCs,onyxia1.jpg
att_ony_horde,Attunement: Onyxia's Lair (Horde),Attunement,FIND,Find image,Rexxar/Goretooth or Emberstrife in Horde attunement context,Horde only; avoid Marshal Windsor/Stormwind escort,
att_bwl,Attunement: Blackwing Lair,Attunement,CANDIDATE: visual verification needed,Review uploaded image,"Blackrock Spire entrance, Scarshield Infiltrator or orb of command",Both factions; Blackrock mountain/entrance alternative acceptable,blackwinglair.jpg
att_naxx,Attunement: Naxxramas,Attunement,ASSIGNED,Done / optional upgrade,Naxxramas exterior or Angela Dosantos at Light's Hope Chapel,Both factions; already covered by Naxx exterior,att_naxx-banner.blp
key_ubrs,Key: Seal of Ascension (Upper Blackrock Spire),Attunement,FIND,Find image,Seal of Ascension ring or Upper Blackrock Spire entrance,Both factions; exact ring if using item art,
key_scholo,Key: Skeleton Key (Scholomance),Attunement,CANDIDATE: visual verification needed,Review uploaded image,Skeleton Key close-up with Scholomance gate/ruins,Both factions; verify key silhouette is the actual reward,The_Skeleton_Key_full.jpg
key_brd,Key: Shadowforge Key (Blackrock Depths),Attunement,FIND,Find image,"Shadowforge Key, Dark Iron architecture or Franclorn Forgewright","Both factions; Blackrock Depths, not unrelated dwarf city",
key_strat,Key: Key to the City (Stratholme),Attunement,FIND,Find image,Key to the City with Stratholme gate or Magistrate Barthilas,Both factions; undead city atmosphere,
key_dm,Key: Crescent Key (Dire Maul),Attunement,FIND,Find image,Crescent Key or Dire Maul East ruins with Pusillin,"Both factions; elven ruins, not generic troll jungle",
prof_secondary,Max Secondary Skills,Profession,FIND,Find image,"Fishing, cooking and bandaging vignette or tool arrangement",Three activities; any race/class/faction; no combat armor requirement,
prof_all,Max Primary Professions,Profession,FIND,Find image,"Crafting tools, anvil, alchemy bottles and gathering resources",All nine primary professions; neutral tools work for both factions,
gold_5k,"Save 5,000 Gold",Milestone,FIND,Find image,"Gold coins, coin pouch or open chest in a tavern/bank",Faction-neutral; avoid a fixed amount because target can change,
social_guild,Join a Guild,Social,FIND,Find image,"Guild group portrait, guild tabard or raid preparation scene",Either faction; separate variants optional; group rather than lone hero,
social_friends,Make Friends,Social,CANDIDATE: visual verification needed,Review uploaded image,Two or three adventurers sitting/camping/exploring together,Either faction; friendly social context rather than combat,Relentless_Adventurer_full.jpg
set_tier1,Tier 1 Set Appearances,Item Set,ASSIGNED,Done / optional upgrade,Actual Tier 1 class-set lineup or full-body geared character,Nine exact sets below; existing Majordomo image is a temporary thematic alternative,set_tier1-banner.blp
set_tier2,Tier 2 Set Appearances,Item Set,CANDIDATE: visual verification needed,Review uploaded image,Actual Tier 2 class-set lineup or full-body geared character,Nine exact sets below; don't mistake Dragonstalker for Tier 3,Ten_Storm_Thrall_full.jpg
set_dungeon1,Dungeon Set 1 (Tier 0),Item Set,FIND,Find image,Full Dungeon Set 1/Tier 0 character lineup,Nine exact sets below; not raid/PvP armor,
set_dungeon2,Dungeon Set 2 (Tier 0.5),Item Set,FIND,Find image,Full Dungeon Set 2/Tier 0.5 character lineup,Nine exact upgraded sets below; distinguish from Tier 0,
set_viper,Embrace of the Viper,Item Set,CANDIDATE: visual verification needed,Review uploaded image,Armor of the Fang wearer in Wailing Caverns; snake motif,"Leather set, not class-locked; Forever snake-bonus theme appropriate",Lady_Anacondra_full.jpg
set_forever_raid,Forever Raid Set Appearances,Item Set,FIND,Find image,Actual Forever raid armor on class models,Nine exact Forever sets below; don't substitute familiar Classic tiers,
pvp_set_plate_ally,Field Marshal's Plate Sets,PvP,CANDIDATE: visual verification needed,Review uploaded image,"Alliance full plate PvP armor lineup, or the correct class set on a character","Alliance only; Forever Premier PvP sets, exact class/set names below; don't substitute raid armor",Knight-Captain_full.jpg
pvp_set_mail_ally,Field Marshal's Mail Sets,PvP,CANDIDATE: visual verification needed,Review uploaded image,"Alliance full mail PvP armor lineup, or the correct class set on a character","Alliance only; Forever Premier PvP sets, exact class/set names below; don't substitute raid armor",Knight-Captain_full.jpg
pvp_set_leather_ally,Field Marshal's Leather Sets,PvP,CANDIDATE: visual verification needed,Review uploaded image,"Alliance full leather PvP armor lineup, or the correct class set on a character","Alliance only; Forever Premier PvP sets, exact class/set names below; don't substitute raid armor",Knight-Captain_full.jpg
pvp_set_cloth_ally,Field Marshal's Cloth Sets,PvP,CANDIDATE: visual verification needed,Review uploaded image,"Alliance full cloth PvP armor lineup, or the correct class set on a character","Alliance only; Forever Premier PvP sets, exact class/set names below; don't substitute raid armor",Knight-Captain_full.jpg
pvp_set_plate_horde,Warlord's Plate Sets,PvP,CANDIDATE: visual verification needed,Review uploaded image,"Horde full plate PvP armor lineup, or the correct class set on a character","Horde only; Forever Premier PvP sets, exact class/set names below; don't substitute raid armor",orc-horde-pvp.jpg
pvp_set_mail_horde,Warlord's Mail Sets,PvP,CANDIDATE: visual verification needed,Review uploaded image,"Horde full mail PvP armor lineup, or the correct class set on a character","Horde only; Forever Premier PvP sets, exact class/set names below; don't substitute raid armor",orc-horde-pvp.jpg
pvp_set_leather_horde,Warlord's Leather Sets,PvP,CANDIDATE: visual verification needed,Review uploaded image,"Horde full leather PvP armor lineup, or the correct class set on a character","Horde only; Forever Premier PvP sets, exact class/set names below; don't substitute raid armor",orc-horde-pvp.jpg
pvp_set_cloth_horde,Warlord's Cloth Sets,PvP,CANDIDATE: visual verification needed,Review uploaded image,"Horde full cloth PvP armor lineup, or the correct class set on a character","Horde only; Forever Premier PvP sets, exact class/set names below; don't substitute raid armor",orc-horde-pvp.jpg
pvp_rank14_ally,Grand Marshal,PvP,CANDIDATE: visual verification needed,Review uploaded image,Alliance champion with Grand Marshal weapons in battleground setting,Alliance only; recognizably Alliance armor/heraldry,Knight-Captain_full.jpg
pvp_mount_ally,Alliance War Mount (Rank 11),PvP,CANDIDATE: visual verification needed,Review uploaded image,Alliance rank-11 black war mounts in battleground/city setting,"Alliance only; see mount list, exact war variant not ordinary racial mount",pvp-alliance-ram-dwarf.jpg
pvp_avmount_ally,Stormpike Battle Charger,PvP,CANDIDATE: visual verification needed,Review uploaded image,"Stormpike Battle Charger, an armored ram in snowy Alterac Valley","Alliance only; exact AV mount, not an ordinary ram",Stormpike_Battle_Ram_full.jpg
pvp_wsg_ally,Exalted: Silverwing Sentinels,PvP,FIND,Find image,"Silverwing Sentinels flag room, Alliance flag runner or Silverwing outpost",Alliance only; Warsong Gulch context,
pvp_ab_ally,Exalted: League of Arathor,PvP,FIND,Find image,League of Arathor forces defending an Arathi Basin flag,Alliance only; Arathi Basin not Alterac Valley,
pvp_av_ally,Exalted: Stormpike Guard,PvP,CANDIDATE: visual verification needed,Review uploaded image,Stormpike defenders at Dun Baldar bridge/bunker,Alliance only; Alterac Valley snow and Alliance fortifications,Dun_Baldar_Bridge_full.jpg
pvp_rank14_horde,High Warlord,PvP,CANDIDATE: visual verification needed,Review uploaded image,Horde champion with High Warlord weapons in battleground setting,Horde only; recognizably Horde armor/heraldry,orc-horde-pvp.jpg
pvp_mount_horde,Horde War Mount (Rank 11),PvP,CANDIDATE: visual verification needed,Review uploaded image,Horde rank-11 black war mounts in battleground/city setting,"Horde only; see mount list, exact war variant not ordinary racial mount",pvp-horde-orc-wolf.jpg
pvp_avmount_horde,Frostwolf Howler,PvP,FIND,Find image,Frostwolf Howler in snowy Alterac Valley,"Horde only; exact AV wolf, not an ordinary timber wolf",
pvp_wsg_horde,Exalted: Warsong Outriders,PvP,FIND,Find image,"Warsong Outriders flag room, Horde flag runner or Warsong outpost",Horde only; Warsong Gulch context,
pvp_ab_horde,Exalted: The Defilers,PvP,FIND,Find image,Defilers forces defending an Arathi Basin flag,Horde only; Arathi Basin not Alterac Valley,
pvp_av_horde,Exalted: Frostwolf Clan,PvP,CANDIDATE: visual verification needed,Review uploaded image,Frostwolf defenders at Iceblood/Frostwolf fortifications,Horde only; Alterac Valley snow and Horde fortifications,Iceblood_Garrison_full.jpg
pvp_hk,Honorable Kills,PvP,CANDIDATE: visual verification needed,Review uploaded image,"Alliance vs Horde skirmish, one readable combat silhouette per side",Both factions; battleground/world PvP rather than duel,pvp-alliance-horde-human-orc.jpg
pvp_duelist,Duelist,PvP,FIND,Find image,Two adventurers facing off with a duel flag between them,"Either faction; duel, not a raid or mass battleground",
